{"vibeace": {"path": "Kevin_MacLeod_-_Vibe_Ace", "desc": "Kevin MacLeod - Vibe Ace"}, "choice": {"path": "admiralbob77_-_Choice_-_Drum-bass", "desc": "Admiral Bob - Choice (drum+bass)"}, "nutcracker": {"path": "Kevin_MacLeod_-_P_I_Tchaikovsky_Dance_of_the_Sugar_Plum_Fairy", "desc": "Tchaikovsky - Dance of the Sugar Plum Fairy"}, "brahms": {"path": "Hungarian_Dance_number_5_-_Allegro_in_F_sharp_minor_(string_orchestra)", "desc": "Brahms - Hungarian Dance #5"}, "trumpet": {"path": "sorohanro_-_solo-trumpet-06", "desc": "Mihai Sorohan - Trumpet loop"}, "fishin": {"path": "Karissa_Hobbs_-_Let's_Go_Fishin'", "desc": "Karissa Hobbs - Let's Go Fishin'"}}